{
  "File Paths": [
    "/media/mass_storage/josh/Documents/S4GratingOptimizer/S4/AA5_Film.json",
    "/media/mass_storage/josh/Documents/S4GratingOptimizer/S4/AA5_Grating.json",
    "/media/mass_storage/josh/Documents/S4GratingOptimizer/S4/AA5_Peak.json",
    "/media/mass_storage/josh/Documents/S4GratingOptimizer/S4/AA5_Period.json"
  ],
  "Gratings": [
    "P350",
    "P400",
    "P475",
    "P550"
  ],
  "P350": {
    "P350_TE Optimizer Results": [
      2.1027083422326163,
      0.023954122752573047,
      0.6852403477088274,
      337.5389002374242,
      65.77229993431935,
      182.91058403444572
    ],
    "P350_TE Optimizer Errors": [
      7.428432612921631e-07,
      7.112598688974804e-07,
      8.392756066264989e-07,
      6.837592018914497e-07,
      2.0181143152727376e-06,
      5.631730145138694e-06
    ],
    "P350_TE Iterations": 57,
    "P350_TE FoM Tolerance": 1e-07,
    "P350_TE Fano Fit Parameters": [
      "Peak",
      "Gamma",
      "q",
      "Amplitude",
      "Damping"
    ],
    "P350_TE Fano Fit": [
      603.3090626239116,
      13.30711232558061,
      -1.2541269632825387,
      0.02815143061573925,
      4.695290990954733
    ],
    "P350_TE Fano Errors": [
      0.42825224881001145,
      0.8839382033367814,
      0.13481525905704292,
      0.002040822235322033,
      0.5666003034540609
    ],
    "P350_TE S4 Fano Fit Parameters": [
      "Peak",
      "Gamma",
      "q",
      "Amplitude",
      "Damping"
    ],
    "P350_TE S4 Fano Fit": [
      603.0776280135448,
      13.66768813675106,
      0.7143666583963711,
      0.06780663019469253,
      2.8251699630250484
    ],
    "P350_TE S4 Fano Errors": [
      0.7436908348744351,
      1.5949561897509204,
      0.105153981928307,
      0.003617305004683912,
      0.30872299009743004
    ],
    "P350_TE Figure Of Merit": 8.075409922804553,
    "P350_TE Fano Error": 7.557469227025848,
    "P350_TE Overlap Error": 0.5179406957787057,
    "P350_TE Differences": [
      0.05356197887564112,
      0.1300149156012285,
      3.8749671385905504,
      0.0015725348536466167,
      3.497352659104781
    ],
    "P350_TE Variables": {
      "S4 Strings": [
        "material_n",
        "material_k",
        "fill_factor",
        "period",
        "grating_thickness",
        "film_thickness"
      ],
      "S4 Guesses": [
        1.85,
        0.0032,
        0.6852403477088274,
        337.5389002374242,
        65.77229993431935,
        182.91058404444573
      ]
    },
    "P350_TE Constants": {
      "Reflection": "True",
      "S4 Strings": [
        "harmonics",
        "cover_n",
        "cover_k",
        "substrate_n",
        "substrate_k"
      ],
      "S4 Values": [
        21,
        1,
        0,
        1.4542,
        0
      ]
    },
    "P350_TE Wavelength Range": [
      544,
      679,
      1
    ],
    "P350_TM Optimizer Results": [
      2.0493065786657576,
      73.25696530716716,
      227.63922537573822
    ],
    "P350_TM Optimizer Errors": [
      4.487463231995792e-08,
      3.7366232497279925e-06,
      3.1692380584108613e-07
    ],
    "P350_TM Iterations": 37,
    "P350_TM FoM Tolerance": 1e-07,
    "P350_TM Fano Fit Parameters": [
      "Peak",
      "Gamma",
      "q",
      "Amplitude",
      "Damping"
    ],
    "P350_TM Fano Fit": [
      579.6832580674692,
      12.387704782146216,
      -0.37281730177588546,
      0.028762673181106254,
      7.675783861157181
    ],
    "P350_TM Fano Errors": [
      0.49453665166290356,
      1.0315368879597189,
      0.2040020950170313,
      0.002736766982807382,
      0.8102649493616312
    ],
    "P350_TM S4 Fano Fit Parameters": [
      "Peak",
      "Gamma",
      "q",
      "Amplitude",
      "Damping"
    ],
    "P350_TM S4 Fano Fit": [
      579.5703420828577,
      19.543143988451295,
      0.7864681523195336,
      0.07409233994217716,
      3.0221025998574382
    ],
    "P350_TM S4 Fano Errors": [
      0.2287286866486589,
      0.5233685440178312,
      0.02764359638325435,
      0.0012211921724986875,
      0.07961084092118605
    ],
    "P350_TM Figure Of Merit": 75.04263665853132,
    "P350_TM Fano Error": 74.2158070792469,
    "P350_TM Overlap Error": 0.8268295792844212,
    "P350_TM Differences": [
      0.012750019580785504,
      51.20031023512786,
      1.3439427640772221,
      0.0020547786886697364,
      21.65674928177237
    ],
    "P350_TM Variables": {
      "S4 Strings": [
        "material_n",
        "grating_thickness",
        "film_thickness"
      ],
      "S4 Guesses": [
        2.0493065786657576,
        73.25696530716716,
        227.63922538573823
      ]
    },
    "P350_TM Constants": {
      "Reflection": "True",
      "S4 Strings": [
        "harmonics",
        "cover_n",
        "cover_k",
        "substrate_n",
        "substrate_k",
        "material_k",
        "fill_factor",
        "period"
      ],
      "S4 Values": [
        21,
        1,
        0,
        1.4542,
        0,
        0.024483239619757593,
        0.6849714647710433,
        337.53947693378086
      ]
    },
    "P350_TM Wavelength Range": [
      528,
      674,
      1
    ]
  },
  "P400": {
    "P400_TE Optimizer Results": [
      2.015967453641956,
      0.0001,
      0.761921858622851,
      417.46018688486936,
      182.14899444791246,
      202.21654540165642
    ],
    "P400_TE Optimizer Errors": [
      7.417434982343586e-07,
      7.417434982343586e-07,
      7.417434982343586e-07,
      7.417434982343586e-07,
      7.417434982343586e-07,
      7.417434982343586e-07
    ],
    "P400_TE Iterations": 50,
    "P400_TE FoM Tolerance": 1e-07,
    "P400_TE Fano Fit Parameters": [
      "Peak",
      "Gamma",
      "q",
      "Amplitude",
      "Damping"
    ],
    "P400_TE Fano Fit": [
      637.9518703119584,
      12.081342026111122,
      -2.6901188501225954,
      0.05107840678913385,
      2.153184705959202
    ],
    "P400_TE Fano Errors": [
      0.1731409116011696,
      0.36764379057911084,
      0.13618758195856182,
      0.002225326714036379,
      0.5951108254868842
    ],
    "P400_TE S4 Fano Fit Parameters": [
      "Peak",
      "Gamma",
      "q",
      "Amplitude",
      "Damping"
    ],
    "P400_TE S4 Fano Fit": [
      637.915385867819,
      12.337604349111244,
      -2.4143097233747666,
      0.13540589189019206,
      0.36354728484650983
    ],
    "P400_TE S4 Fano Errors": [
      0.11423648842418553,
      0.23562719185804076,
      0.054298673008810215,
      0.00249462151276755,
      0.23926193579591873
    ],
    "P400_TE Figure Of Merit": 7.4174360215624215,
    "P400_TE Fano Error": 3.352985391041331,
    "P400_TE Overlap Error": 4.06445063052109,
    "P400_TE Differences": [
      0.0013311146641550769,
      0.06567037818941895,
      0.07607067439739994,
      0.007111124743469195,
      3.202802099046888
    ],
    "P400_TE Variables": {
      "S4 Strings": [
        "material_n",
        "material_k",
        "fill_factor",
        "period",
        "grating_thickness",
        "film_thickness"
      ],
      "S4 Guesses": [
        1.84,
        0.0057,
        0.7619218573822504,
        417.4601867760503,
        182.14899387940852,
        202.2165451693413
      ]
    },
    "P400_TE Constants": {
      "Reflection": "True",
      "S4 Strings": [
        "harmonics",
        "cover_n",
        "cover_k",
        "substrate_n",
        "substrate_k"
      ],
      "S4 Values": [
        21,
        1,
        0,
        1.4542,
        0
      ]
    },
    "P400_TE Wavelength Range": [
      540,
      710,
      1
    ],
    "P400_TM Optimizer Results": [
      2.1044370075938996,
      184.67717663751063,
      163.73762806605998
    ],
    "P400_TM Optimizer Errors": [
      2.9541367368639907e-05,
      2.9541367368639907e-05,
      2.9541367368639907e-05
    ],
    "P400_TM Iterations": 22,
    "P400_TM FoM Tolerance": 1e-07,