{
  "File Paths": [
    "/media/mass_storage/josh/Documents/S4GratingOptimizer/S4/AE1_Film.json",
    "/media/mass_storage/josh/Documents/S4GratingOptimizer/S4/AE1_Grating.json",
    "/media/mass_storage/josh/Documents/S4GratingOptimizer/S4/AE1_Peak.json",
    "/media/mass_storage/josh/Documents/S4GratingOptimizer/S4/AE1_Period.json"
  ],
  "Gratings": [
    "P350",
    "P400",
    "P475",
    "P550"
  ],
  "P350": {
    "P350_TE Optimizer Results": [
      1.7555160805137833,
      0.012710750925937847,
      0.6499978551991519,
      370.1637445110648,
      53.699375157032314,
      258.45368152446446
    ],
    "P350_TE Optimizer Errors": [
      3.21881822600797e-05,
      3.624053642038165e-05,
      3.303112114093466e-05,
      0.0008443934569924978,
      0.00012705688615542772,
      0.00015493272997989827
    ],
    "P350_TE Iterations": 38,
    "P350_TE FoM Tolerance": 1e-07,
    "P350_TE Fano Fit Parameters": [
      "Peak",
      "Gamma",
      "q",
      "Amplitude",
      "Damping"
    ],
    "P350_TE Fano Fit": [
      590.6794776313908,
      9.455175847837227,
      14.964676262730078,
      0.0021090497842283468,
      -8.981343478386012
    ],
    "P350_TE Fano Errors": [
      0.11493996123080281,
      0.25742821096730384,
      16.389667682966472,
      0.0022851589940540585,
      261.7484171160773
    ],
    "P350_TE S4 Fano Fit Parameters": [
      "Peak",
      "Gamma",
      "q",
      "Amplitude",
      "Damping"
    ],
    "P350_TE S4 Fano Fit": [
      590.6114183989674,
      9.40664225363518,
      0.24552067565695007,
      0.08712878632559315,
      1.7715339606458236
    ],
    "P350_TE S4 Fano Errors": [
      0.1445053362512387,
      0.3098076456502159,
      0.010625141990789583,
      0.00044210172017679887,
      0.023075135469805493
    ],
    "P350_TE Figure Of Merit": 333.0694573957617,
    "P350_TE Fano Error": 332.29213033979175,
    "P350_TE Overlap Error": 0.7773270559699182,
    "P350_TE Differences": [
      0.004632059118057721,
      0.002355509766168933,
      216.6535411964661,
      0.007228355601563081,
      115.62437321883986
    ],
    "P350_TE Variables": {
      "S4 Strings": [
        "material_n",
        "material_k",
        "fill_factor",
        "period",
        "grating_thickness",
        "film_thickness"
      ],
      "S4 Guesses": [
        2.03,
        0.0012,
        0.6499978551991519,
        370.1637445110648,
        53.699375157032314,
        258.45368153446447
      ]
    },
    "P350_TE Constants": {
      "Reflection": "True",
      "S4 Strings": [
        "harmonics",
        "cover_n",
        "cover_k",
        "substrate_n",
        "substrate_k"
      ],
      "S4 Values": [
        21,
        1,
        0,
        1.4542,
        0
      ]
    },
    "P350_TE Wavelength Range": [
      548,
      647,
      1
    ],
    "P350_TM Optimizer Results": [
      1.7994036313151878,
      54.06174512105855,
      264.16822855027766
    ],
    "P350_TM Optimizer Errors": [
      1.2033219611243164e-06,
      1.2033219611243164e-06,
      1.2033219611243164e-06
    ],
    "P350_TM Iterations": 29,
    "P350_TM FoM Tolerance": 1e-07,
    "P350_TM Fano Fit Parameters": [
      "Peak",
      "Gamma",
      "q",
      "Amplitude",
      "Damping"
    ],
    "P350_TM Fano Fit": [
      586.4880634759625,
      6.431115529998467,
      2.253196392003664,
      0.04884677396715366,
      0.9447380176239774
    ],
    "P350_TM Fano Errors": [
      0.06411462178937351,
      0.13606094708511898,
      0.056560743426615545,
      0.0009332502275083276,
      0.23633128298756434
    ],
    "P350_TM S4 Fano Fit Parameters": [
      "Peak",
      "Gamma",
      "q",
      "Amplitude",
      "Damping"
    ],
    "P350_TM S4 Fano Fit": [
      586.2650100102329,
      8.920991489176604,
      0.2010707327121902,
      0.08590202447773088,
      2.084723644788547
    ],
    "P350_TM S4 Fano Errors": [
      0.10923603370728886,
      0.23714936677567608,
      0.010784759458337408,
      0.00039220604761035623,
      0.021509200678589083
    ],
    "P350_TM Figure Of Merit": 12.03321940503036,
    "P350_TM Fano Error": 11.761395183921879,
    "P350_TM Overlap Error": 0.2718242211084808,
    "P350_TM Differences": [
      0.04975284857396323,
      6.19948229209325,
      4.211219721522467,
      0.001373091590401633,
      1.2995672301417966
    ],
    "P350_TM Variables": {
      "S4 Strings": [
        "material_n",
        "grating_thickness",
        "film_thickness"
      ],
      "S4 Guesses": [
        1.7994036313151878,
        54.06174512105855,
        264.16822856027767
      ]
    },
    "P350_TM Constants": {
      "Reflection": "True",
      "S4 Strings": [
        "harmonics",
        "cover_n",
        "cover_k",
        "substrate_n",
        "substrate_k",
        "material_k",
        "fill_factor",
        "period"
      ],
      "S4 Values": [
        21,
        1,
        0,
        1.4542,
        0,
        0.012604855345525034,
        0.6500084987812431,
        370.1671694944559
      ]
    },
    "P350_TM Wavelength Range": [
      546,
      655,
      1
    ]
  },
  "P400": {
    "P400_TE Optimizer Results": [
      1.4542,
      0.03021674435994308,
      0.7,
      399.69237863820103,
      54.461280999022385,
      250.16050747364477
    ],
    "P400_TE Optimizer Errors": [
      1.1395646466402267e-07,
      1.1395646466402267e-07,
      1.1395646466402267e-07,
      1.1395646466402267e-07,
      1.1395646466402267e-07,
      1.1395646466402267e-07
    ],
    "P400_TE Iterations": 4,
    "P400_TE FoM Tolerance": 1e-07,
    "P400_TE Fano Fit Parameters": [
      "Peak",
      "Amplitude",
      "Assymetry",
      "Gamma",
      "Offset"
    ],
    "P400_TE Fano Fit": [
      657.9891611803757,
      2.9105939815221262,
      -0.4501696001541561,
      -0.0012995142225495505,
      -2.836449799459938
    ],
    "P400_TE Fano Errors": [
      249.8457957038049,
      1343957.4525558657,
      119943.69172496865,
      257.2800310459827,
      1343957.46214393
    ],
    "P400_TE S4 Fano Fit Parameters": [
      "Peak",
      "Amplitude",
      "Assymetry",
      "Gamma",
      "Offset"
    ],
    "P400_TE S4 Fano Fit": [
      657.9926199764744,
      2.8866641344296413,
      -0.19845226451151088,
      -1.1495937229266087e-07,
      -2.860186721762501
    ],
    "P400_TE S4 Fano Errors": [
      9.299075047665209,
      NaN,
      NaN,
      NaN,
      NaN
    ],
    "P400_TE Figure Of Merit": 1.1940145944809877,
    "P400_TE Fano Error": 0.06451134783419725,
    "P400_TE Overlap Error": 1.1295032466467905,
    "P400_TE Differences": [
      1.196327045237029e-05,
      0.0005726375818697086,
      0.0633616170630321,
      1.6884384451456007e-06,
      0.0005634414803979218
    ],
    "P400_TE Variables": {
      "S4 Strings": [
        "material_n",
        "material_k",
        "fill_factor",
        "period",
        "grating_thickness",
        "film_thickness"
      ],
      "S4 Guesses": [
        2,
        0.0029,
        0.7,
        399.69237863820103,
        54.461280999022385,
        250.16050748364478
      ]
    },
    "P400_TE Constants": {
      "Reflection": "True",
      "S4 Strings": [
        "harmonics",
        "cover_n",
        "cover_k",
        "substrate_n",
        "substrate_k"
      ],
      "S4 Values": [
        21,
        1,
        0,
        1.4542,
        0
      ]
    },
    "P400_TE Wavelength Range": [
      607,
      717,
      1
    ],
    "P400_TM Optimizer Results": [
      1.89046,
      67.08122295912634,
      262.9586816345274
    ],
    "P400_TM Optimizer Errors": [
      2.0854423627267082e-05,
      2.0854423627267082e-05,
      2.0854423627267082e-05
    ],
    "P400_TM Iterations": 17,
    "P400_TM FoM Tolerance": 1e-07,
    "P400_TM Fano Fit Parameters": [
      "Peak",
      "Gamma",
      "q",
      "Amplitude",
      "Damping"
    ],