{
  "File Paths": [
    "/media/mass_storage/josh/Documents/Grating Optimizer/S4/AE1_Film.json",
    "/media/mass_storage/josh/Documents/Grating Optimizer/S4/AE1_Grating.json",
    "/media/mass_storage/josh/Documents/Grating Optimizer/S4/AE1_Peak.json",
    "/media/mass_storage/josh/Documents/Grating Optimizer/S4/AE1_Period.json"
  ],
  "Gratings": [
    "P350_TE",
    "P350_TM",
    "P400_TE",
    "P400_TM",
    "P475_TE",
    "P475_TM",
    "P550_TE",
    "P550_TM"
  ],
  "P350_TE": {
    "P350_TE Optimizer Results": [
      1.890882954662686,
      0.0001,
      0.21502458922330384,
      353.8408248029047,
      94.94992411436577
    ],
    "P350_TE Optimizer Errors": [
      6.6958769157669815e-06,
      6.6958769157669815e-06,
      6.6958769157669815e-06,
      6.6958769157669815e-06,
      6.6958769157669815e-06
    ],
    "P350_TE Iterations": 54,
    "P350_TE FoM Tolerance": 1e-07,
    "P350_TE Fano Fit Parameters": [
      "Peak",
      "Gamma",
      "q",
      "Amplitude",
      "Damping"
    ],
    "P350_TE Fano Fit": [
      590.6794776313908,
      9.455175847837227,
      14.964676262730078,
      0.0021090497842283468,
      -8.981343478386012
    ],
    "P350_TE Fano Errors": [
      0.11493996123080281,
      0.25742821096730384,
      16.389667682966472,
      0.0022851589940540585,
      261.7484171160773
    ],
    "P350_TE S4 Fano Fit Parameters": [
      "Peak",
      "Gamma",
      "q",
      "Amplitude",
      "Damping"
    ],
    "P350_TE S4 Fano Fit": [
      585.5622099425651,
      3.724796140975501,
      12.504828203306896,
      0.006562478244360921,
      -8.985193282381404
    ],
    "P350_TE S4 Fano Errors": [
      0.01760533660041266,
      0.03657931827842489,
      1.5041095256449233,
      0.0007475925725856292,
      22.64474537024702
    ],
    "P350_TE Figure Of Merit": 66.95879768798987,
    "P350_TE Fano Error": 65.07456731337581,
    "P350_TE Overlap Error": 1.8842303746140685,
    "P350_TE Differences": [
      26.18642859909929,
      32.83725158481268,
      6.050852475447994,
      1.98330250495188e-05,
      1.482099080293474e-05
    ],
    "P350_TE Variables": {
      "S4 Strings": [
        "material_n",
        "material_k",
        "fill_factor",
        "period",
        "grating_thickness"
      ],
      "S4 Guesses": [
        1.890882954662686,
        0.0001,
        0.21502458922330384,
        353.8408248029047,
        94.94992412436577
      ]
    },
    "P350_TE Constants": {
      "Reflection": "True",
      "S4 Strings": [
        "harmonics",
        "cover_n",
        "cover_k",
        "substrate_n",
        "substrate_k",
        "film_thickness",
        "peak_wavelength",
        "TE",
        "TM"
      ],
      "S4 Values": [
        21,
        1,
        0,
        1.4542,
        0,
        250.16050747364477,
        590.6347088837487,
        1,
        0
      ]
    },
    "P350_TE Wavelength Range": [
      533,
      662,
      1
    ]
  },
  "P350_TM": {
    "P350_TM Optimizer Results": [
      2.0676568371353756,
      0.003036366285327421,
      0.8584196731551389,
      326.9680296600979,
      58.47640882170433
    ],
    "P350_TM Optimizer Errors": [
      3.233155003284829e-07,
      9.563525783582945e-10,
      6.628298200221014e-12,
      6.95491130289956e-08,
      3.284517965583108e-06
    ],
    "P350_TM Iterations": 88,
    "P350_TM FoM Tolerance": 1e-07,
    "P350_TM Fano Fit Parameters": [
      "Peak",
      "Gamma",
      "q",
      "Amplitude",
      "Damping"
    ],
    "P350_TM Fano Fit": [
      586.4880634759625,
      6.431115529998467,
      2.253196392003664,
      0.04884677396715366,
      0.9447380176239774
    ],
    "P350_TM Fano Errors": [
      0.06411462178937351,
      0.13606094708511898,
      0.056560743426615545,
      0.0009332502275083276,
      0.23633128298756434
    ],
    "P350_TM S4 Fano Fit Parameters": [
      "Peak",
      "Gamma",
      "q",
      "Amplitude",
      "Damping"
    ],
    "P350_TM S4 Fano Fit": [
      586.6085250174365,
      6.140255823149394,
      0.8310005974091017,
      0.13257394768329545,
      1.8154830834963844
    ],
    "P350_TM S4 Fano Errors": [
      0.42946130506691965,
      0.8726493934374431,
      0.10758818249158861,
      0.004261318086061142,
      0.3029110113047485
    ],
    "P350_TM Figure Of Merit": 3.6228571630640696,
    "P350_TM Fano Error": 2.8869584395647188,
    "P350_TM Overlap Error": 0.7358987234993507,
    "P350_TM Differences": [
      0.014510982974295756,
      0.08459936906832857,
      2.0226408781624587,
      0.007010239618492984,
      0.7581969697411426
    ],
    "P350_TM Variables": {
      "S4 Strings": [
        "material_n",
        "material_k",
        "fill_factor",
        "period",
        "grating_thickness"
      ],
      "S4 Guesses": [
        2.0676568371353756,
        0.003036366285327421,
        0.8584196731551389,
        326.9680296600979,
        58.47640883170433
      ]
    },
    "P350_TM Constants": {
      "Reflection": "True",
      "S4 Strings": [
        "harmonics",
        "cover_n",
        "cover_k",
        "substrate_n",
        "substrate_k",
        "film_thickness",
        "peak_wavelength",
        "TE",
        "TM"
      ],
      "S4 Values": [
        21,
        1,
        0,
        1.4542,
        0,
        250.16050747364477,
        586.4819179962072,
        0,
        1
      ]
    },
    "P350_TM Wavelength Range": [
      531,
      670,
      1
    ]
  },
  "P400_TE": {
    "P400_TE Optimizer Results": [
      2.1,
      0.02,
      0.65,
      400.0,
      68.73830975510205
    ],
    "P400_TE Optimizer Errors": [
      1.7470942917957657e-07,
      1.7470942917957657e-07,
      1.7470942917957657e-07,
      1.7470942917957657e-07,
      1.7470942917957657e-07
    ],
    "P400_TE Iterations": 6,
    "P400_TE FoM Tolerance": 1e-07,
    "P400_TE Fano Fit Parameters": [
      "Peak",
      "Amplitude",
      "Assymetry",
      "Gamma",
      "Offset"
    ],
    "P400_TE Fano Fit": [
      657.9891611803757,
      2.9105939815221262,
      -0.4501696001541561,
      -0.0012995142225495505,
      -2.836449799459938
    ],
    "P400_TE Fano Errors": [
      249.8457957038049,
      1343957.4525558657,
      119943.69172496865,
      257.2800310459827,
      1343957.46214393
    ],
    "P400_TE S4 Fano Fit Parameters": [
      "Peak",
      "Amplitude",
      "Assymetry",
      "Gamma",
      "Offset"
    ],
    "P400_TE S4 Fano Fit": [
      0,
      0,
      0,
      0,
      0
    ],
    "P400_TE S4 Fano Errors": [
      0,
      0,
      0,
      0,
      0
    ],
    "P400_TE Figure Of Merit": 250000,
    "P400_TE Fano Error": [
      0,
      0,
      0,
      0,
      0
    ],
    "P400_TE Overlap Error": 250000,
    "P400_TE Differences": 0,
    "P400_TE Variables": {
      "S4 Strings": [
        "material_n",
        "material_k",
        "fill_factor",
        "period",
        "grating_thickness"
      ],
      "S4 Guesses": [
        2.1,
        0.02,
        0.65,
        400.0,
        68.73830976510204
      ]
    },
    "P400_TE Constants": {
      "Reflection": "True",
      "S4 Strings": [
        "harmonics",
        "cover_n",
        "cover_k",
        "substrate_n",
        "substrate_k",
        "film_thickness",
        "peak_wavelength",
        "TE",
        "TM"
      ],
      "S4 Values": [
        21,
        1,
        0,
        1.4542,
        0,
        250.16050747364477,
        658.8570722838214,
        1,
        0
      ]
    },
    "P400_TE Wavelength Range": [
      592,
      732,
      1
    ]
  },
  "P400_TM": {
    "P400_TM Optimizer Results": [
      1.9778321745446703,
      0.00443880477536581,
      0.5298037677360853,
      400.0,
      73.95538116167747
    ],
    "P400_TM Optimizer Errors": [
      8.286532623503907e-07,
      8.286532623503907e-07,
      8.286532623503907e-07,
      8.286532623503907e-07,
      8.286532623503907e-07
    ],