{
  "File Paths": [
    "/media/mass_storage/josh/Documents/S4GratingOptimizer/S4/AF2_Film.json",
    "/media/mass_storage/josh/Documents/S4GratingOptimizer/S4/AF2_Grating.json",
    "/media/mass_storage/josh/Documents/S4GratingOptimizer/S4/AF2_Peak.json",
    "/media/mass_storage/josh/Documents/S4GratingOptimizer/S4/AF2_Period.json"
  ],
  "Gratings": [
    "P350",
    "P400",
    "P475",
    "P550"
  ],
  "P350": {
    "P350_TE Optimizer Results": [
      1.9711101293789204,
      0.020420393316513893,
      0.4,
      334.57408110410813,
      72.14359823261266,
      234.60585392910565
    ],
    "P350_TE Optimizer Errors": [
      2.0458827756445415e-05,
      2.0458827756445415e-05,
      2.0458827756445415e-05,
      2.0458827756445415e-05,
      2.0458827756445415e-05,
      2.0458827756445415e-05
    ],
    "P350_TE Iterations": 43,
    "P350_TE FoM Tolerance": 1e-07,
    "P350_TE Fano Fit Parameters": [
      "Peak",
      "Gamma",
      "q",
      "Amplitude",
      "Damping"
    ],
    "P350_TE Fano Fit": [
      584.7307465246946,
      17.083614501618246,
      -0.4409967016290334,
      0.026916770577945195,
      17.135971638453995
    ],
    "P350_TE Fano Errors": [
      0.33682456253069254,
      0.7567400689976188,
      0.2495726977061773,
      0.004367578954863838,
      2.7502263542850574
    ],
    "P350_TE S4 Fano Fit Parameters": [
      "Peak",
      "Gamma",
      "q",
      "Amplitude",
      "Damping"
    ],
    "P350_TE S4 Fano Fit": [
      584.8080468207969,
      16.547513668267527,
      0.6630081338951251,
      0.07021081658720044,
      2.9168465102233214
    ],
    "P350_TE S4 Fano Errors": [
      0.3010331920180842,
      0.6675333663105469,
      0.035621648474681945,
      0.001480281530974291,
      0.10452794619134105
    ],
    "P350_TE Figure Of Merit": 204.5882775636843,
    "P350_TE Fano Error": 203.6975999028584,
    "P350_TE Overlap Error": 0.8906776608259019,
    "P350_TE Differences": [
      0.00597533577750232,
      0.28740410351933576,
      1.2188266768607243,
      0.0018743744198515095,
      202.183519412281
    ],
    "P350_TE Variables": {
      "S4 Strings": [
        "material_n",
        "material_k",
        "fill_factor",
        "period",
        "grating_thickness",
        "film_thickness"
      ],
      "S4 Guesses": [
        2.19,
        0.00022,
        0.4,
        334.57408110410813,
        72.14359823261266,
        234.60585393910566
      ]
    },
    "P350_TE Constants": {
      "Reflection": "True",
      "S4 Strings": [
        "harmonics",
        "cover_n",
        "cover_k",
        "substrate_n",
        "substrate_k"
      ],
      "S4 Values": [
        21,
        1,
        0,
        1.4542,
        0
      ]
    },
    "P350_TE Wavelength Range": [
      530,
      661,
      1
    ],
    "P350_TM Optimizer Results": [
      2.0973617546856596,
      79.76954070304133,
      262.8934333097087
    ],
    "P350_TM Optimizer Errors": [
      4.0519388080089073e-10,
      1.3696489637252184e-06,
      2.004546984569032e-06
    ],
    "P350_TM Iterations": 44,
    "P350_TM FoM Tolerance": 1e-07,
    "P350_TM Fano Fit Parameters": [
      "Peak",
      "Gamma",
      "q",
      "Amplitude",
      "Damping"
    ],
    "P350_TM Fano Fit": [
      589.2327606808896,
      8.68880958155116,
      0.8913230864624886,
      0.038023546116001346,
      5.706354665827224
    ],
    "P350_TM Fano Errors": [
      0.1450995587175802,
      0.3153851485233726,
      0.0773412711897429,
      0.0011589219437527975,
      0.22455074280510726
    ],
    "P350_TM S4 Fano Fit Parameters": [
      "Peak",
      "Gamma",
      "q",
      "Amplitude",
      "Damping"
    ],
    "P350_TM S4 Fano Fit": [
      589.0639809400803,
      15.08930097488948,
      -0.21498086694210103,
      0.09439403634263886,
      2.4450424783292224
    ],
    "P350_TM S4 Fano Errors": [
      0.1776347107179436,
      0.3604718838520163,
      0.013811409907559032,
      0.0006850088354238625,
      0.030301778975697354
    ],
    "P350_TM Figure Of Merit": 53.30948811106128,
    "P350_TM Fano Error": 52.85801993091557,
    "P350_TM Overlap Error": 0.4514681801457066,
    "P350_TM Differences": [
      0.02848660090762538,
      40.96629007619792,
      1.2239084373186242,
      0.003177632168391436,
      10.636157184322999
    ],
    "P350_TM Variables": {
      "S4 Strings": [
        "material_n",
        "grating_thickness",
        "film_thickness"
      ],
      "S4 Guesses": [
        2.0973617546856596,
        79.76954070304133,
        262.8934333197087
      ]
    },
    "P350_TM Constants": {
      "Reflection": "True",
      "S4 Strings": [
        "harmonics",
        "cover_n",
        "cover_k",
        "substrate_n",
        "substrate_k",
        "material_k",
        "fill_factor",
        "period"
      ],
      "S4 Values": [
        21,
        1,
        0,
        1.4542,
        0,
        0.02042039338850535,
        0.4,
        334.5740812752404
      ]
    },
    "P350_TM Wavelength Range": [
      546,
      671,
      1
    ]
  },
  "P400": {
    "P400_TE Optimizer Results": [
      1.7792358650862976,
      0.07048823922468596,
      0.7264452783395587,
      395.94907478765674,
      124.97066656059023,
      234.88234624488433
    ],
    "P400_TE Optimizer Errors": [
      4.783034055979937e-06,
      4.783034055979937e-06,
      4.783034055979937e-06,
      4.783034055979937e-06,
      4.783034055979937e-06,
      4.783034055979937e-06
    ],
    "P400_TE Iterations": 50,
    "P400_TE FoM Tolerance": 1e-07,
    "P400_TE Fano Fit Parameters": [
      "Peak",
      "Gamma",
      "q",
      "Amplitude",
      "Damping"
    ],
    "P400_TE Fano Fit": [
      643.4264496409368,
      26.062806968892353,
      -1.4567709500511083,
      0.06540300152085504,
      4.230973112747704
    ],
    "P400_TE Fano Errors": [
      0.8945046586511346,
      2.001416031093321,
      0.19282215922233362,
      0.008730363409913601,
      0.7330426809745979
    ],
    "P400_TE S4 Fano Fit Parameters": [
      "Peak",
      "Gamma",
      "q",
      "Amplitude",
      "Damping"
    ],
    "P400_TE S4 Fano Fit": [
      639.3359157525373,
      30.352712351802182,
      0.04104422228251664,
      0.04952700281970078,
      1.5642842534352335
    ],
    "P400_TE S4 Fano Errors": [
      3.6435914200000505,
      8.848087296851695,
      0.05578025981028478,
      0.0022891982363611283,
      0.09589345142998562
    ],
    "P400_TE Figure Of Merit": 47.83047878933426,
    "P400_TE Fano Error": 44.49068749665209,
    "P400_TE Overlap Error": 3.3397912926821647,
    "P400_TE Differences": [
      16.732467492144547,
      18.40328819431873,
      2.243450290472807,
      0.0002520473347590518,
      7.111229472381246
    ],
    "P400_TE Variables": {
      "S4 Strings": [
        "material_n",
        "material_k",
        "fill_factor",
        "period",
        "grating_thickness",
        "film_thickness"
      ],
      "S4 Guesses": [
        2.18,
        0.00071,
        0.7264452783395587,
        395.94907478765674,
        124.97066656059023,
        234.88234625488434
      ]
    },
    "P400_TE Constants": {
      "Reflection": "True",
      "S4 Strings": [
        "harmonics",
        "cover_n",
        "cover_k",
        "substrate_n",
        "substrate_k"
      ],
      "S4 Values": [
        21,
        1,
        0,
        1.4542,
        0
      ]
    },
    "P400_TE Wavelength Range": [
      569,
      716,
      1
    ],
    "P400_TM Optimizer Results": [
      2.0007460935410557,
      128.3004343621669,
      246.36425560057253
    ],
    "P400_TM Optimizer Errors": [
      3.551246020824272e-05,
      3.551246020824272e-05,
      3.551246020824272e-05
    ],
    "P400_TM Iterations": 47,
    "P400_TM FoM Tolerance": 1e-07,
    "P400_TM Fano Fit Parameters": [
      "Peak",
      "Gamma",
      "q",
      "Amplitude",
      "Damping"
    ],