{
  "File Paths": [
    "/media/mass_storage/josh/Documents/Grating Optimizer/S4/AF2_Film.json",
    "/media/mass_storage/josh/Documents/Grating Optimizer/S4/AF2_Grating.json",
    "/media/mass_storage/josh/Documents/Grating Optimizer/S4/AF2_Peak.json",
    "/media/mass_storage/josh/Documents/Grating Optimizer/S4/AF2_Period.json"
  ],
  "Gratings": [
    "P350_TM",
    "P350_TE",
    "P400_TE",
    "P400_TM",
    "P475_TE",
    "P475_TM",
    "P550_TE",
    "P550_TM"
  ],
  "P350_TM": {
    "P350_TM Optimizer Results": [
      2.030039711836502,
      0.006050496194188702,
      0.5996382101005668,
      342.1022080904882,
      72.98153494281178
    ],
    "P350_TM Optimizer Errors": [
      3.170585363237195e-07,
      2.3478021970927575e-09,
      4.522579631205827e-06,
      1.3985985324536094e-07,
      1.0615539501554564e-07
    ],
    "P350_TM Iterations": 62,
    "P350_TM FoM Tolerance": 1e-07,
    "P350_TM Fano Fit Parameters": [
      "Peak",
      "Gamma",
      "q",
      "Amplitude",
      "Damping"
    ],
    "P350_TM Fano Fit": [
      589.2327606808896,
      8.68880958155116,
      0.8913230864624886,
      0.038023546116001346,
      5.706354665827224
    ],
    "P350_TM Fano Errors": [
      0.1450995587175802,
      0.3153851485233726,
      0.0773412711897429,
      0.0011589219437527975,
      0.22455074280510726
    ],
    "P350_TM S4 Fano Fit Parameters": [
      "Peak",
      "Gamma",
      "q",
      "Amplitude",
      "Damping"
    ],
    "P350_TM S4 Fano Fit": [
      589.2129066826257,
      8.760158233964432,
      0.7320757283272071,
      0.08734862052741113,
      5.692921763678304
    ],
    "P350_TM S4 Fano Errors": [
      0.07130231793277418,
      0.15083513870615456,
      0.032928947965130836,
      0.0009383074501354195,
      0.09210749847956545
    ],
    "P350_TM Figure Of Merit": 1.1385496988465476,
    "P350_TM Fano Error": 0.03345793834715296,
    "P350_TM Overlap Error": 1.1050917604993946,
    "P350_TM Differences": [
      0.0003941812470628515,
      0.005090630201189942,
      0.025359721073066593,
      0.0024329629656911125,
      0.00018044286014245688
    ],
    "P350_TM Variables": {
      "S4 Strings": [
        "material_n",
        "material_k",
        "fill_factor",
        "period",
        "grating_thickness"
      ],
      "S4 Guesses": [
        2.030039711836502,
        0.006050496194188702,
        0.5996382101005668,
        342.1022080904882,
        72.98153495281177
      ]
    },
    "P350_TM Constants": {
      "Reflection": "True",
      "S4 Strings": [
        "harmonics",
        "cover_n",
        "cover_k",
        "substrate_n",
        "substrate_k",
        "film_thickness",
        "peak_wavelength",
        "TE",
        "TM"
      ],
      "S4 Values": [
        21,
        1,
        0,
        1.4542,
        0,
        249.10175287105724,
        589.1567772565704,
        0,
        1
      ]
    },
    "P350_TM Wavelength Range": [
      531,
      686,
      1
    ]
  },
  "P350_TE": {
    "P350_TE Optimizer Results": [
      2.1,
      0.02,
      0.65,
      343.8461176468699,
      60.88567784415584
    ],
    "P350_TE Optimizer Errors": [
      0.024999999999999998,
      0.024999999999999998,
      0.024999999999999998,
      0.024999999999999998,
      0.024999999999999998
    ],
    "P350_TE Iterations": 0,
    "P350_TE FoM Tolerance": 1e-07,
    "P350_TE Fano Fit Parameters": [
      "Peak",
      "Gamma",
      "q",
      "Amplitude",
      "Damping"
    ],
    "P350_TE Fano Fit": [
      584.7307465246946,
      17.083614501618246,
      -0.4409967016290334,
      0.026916770577945195,
      17.135971638453995
    ],
    "P350_TE Fano Errors": [
      0.33682456253069254,
      0.7567400689976188,
      0.2495726977061773,
      0.004367578954863838,
      2.7502263542850574
    ],
    "P350_TE S4 Fano Fit Parameters": [
      "Peak",
      "Gamma",
      "q",
      "Amplitude",
      "Damping"
    ],
    "P350_TE S4 Fano Fit": [
      0,
      0,
      0,
      0,
      0
    ],
    "P350_TE S4 Fano Errors": [
      0,
      0,
      0,
      0,
      0
    ],
    "P350_TE Figure Of Merit": 250000,
    "P350_TE Fano Error": [
      0,
      0,
      0,
      0,
      0
    ],
    "P350_TE Overlap Error": 250000,
    "P350_TE Differences": 0,
    "P350_TE Variables": {
      "S4 Strings": [
        "material_n",
        "material_k",
        "fill_factor",
        "period",
        "grating_thickness"
      ],
      "S4 Guesses": [
        2.1,
        0.02,
        0.65,
        343.8461176468699,
        60.885677854155844
      ]
    },
    "P350_TE Constants": {
      "Reflection": "True",
      "S4 Strings": [
        "harmonics",
        "cover_n",
        "cover_k",
        "substrate_n",
        "substrate_k",
        "film_thickness",
        "peak_wavelength",
        "TE",
        "TM"
      ],
      "S4 Values": [
        21,
        1,
        0,
        1.4542,
        0,
        249.10175287105724,
        584.6322576490644,
        1,
        0
      ]
    },
    "P350_TE Wavelength Range": [
      515,
      676,
      1
    ]
  },
  "P400_TE": {
    "P400_TE Optimizer Results": [
      1.9492920365084907,
      0.04973345899847091,
      0.719695300324059,
      400.0,
      56.96584500601004
    ],
    "P400_TE Optimizer Errors": [
      6.936845846813673e-06,
      6.936845846813673e-06,
      6.936845846813673e-06,
      6.936845846813673e-06,
      6.936845846813673e-06
    ],
    "P400_TE Iterations": 27,
    "P400_TE FoM Tolerance": 1e-07,
    "P400_TE Fano Fit Parameters": [
      "Peak",
      "Gamma",
      "q",
      "Amplitude",
      "Damping"
    ],
    "P400_TE Fano Fit": [
      643.4264496409368,
      26.062806968892353,
      -1.4567709500511083,
      0.06540300152085504,
      4.230973112747704
    ],
    "P400_TE Fano Errors": [
      0.8945046586511346,
      2.001416031093321,
      0.19282215922233362,
      0.008730363409913601,
      0.7330426809745979
    ],
    "P400_TE S4 Fano Fit Parameters": [
      "Peak",
      "Gamma",
      "q",
      "Amplitude",
      "Damping"
    ],
    "P400_TE S4 Fano Fit": [
      647.1039784584231,
      32.47596446838366,
      -0.04155568591974933,
      0.13469937919511105,
      0.9891573980945896
    ],
    "P400_TE S4 Fano Errors": [
      4.322706776495997,
      7.2623795930043915,
      0.005752892215530409,
      0.0007571990607892724,
      0.020866119141251208
    ],
    "P400_TE Figure Of Merit": 69.36915445715832,
    "P400_TE Fano Error": 67.16981267628474,
    "P400_TE Overlap Error": 2.1993417808735853,
    "P400_TE Differences": [
      13.524218203442116,
      41.12858911328157,
      2.0028342438303928,
      0.004801987958773126,
      10.509369127771883
    ],
    "P400_TE Variables": {
      "S4 Strings": [
        "material_n",
        "material_k",
        "fill_factor",
        "period",
        "grating_thickness"
      ],
      "S4 Guesses": [
        1.9492920365084907,
        0.04973345899847091,
        0.719695300324059,
        400.0,
        56.96584501601004
      ]
    },
    "P400_TE Constants": {
      "Reflection": "True",
      "S4 Strings": [
        "harmonics",
        "cover_n",
        "cover_k",
        "substrate_n",
        "substrate_k",
        "film_thickness",
        "peak_wavelength",
        "TE",
        "TM"
      ],
      "S4 Values": [
        21,
        1,
        0,
        1.4542,
        0,
        249.10175287105724,
        643.2674976030115,
        1,
        0
      ]
    },
    "P400_TE Wavelength Range": [
      554,
      731,
      1
    ]
  },
  "P400_TM": {
    "P400_TM Optimizer Results": [
      1.962860805534559,
      0.01828453368839617,
      0.6338732037070931,
      400.0,
      72.03958691460673
    ],