{
  "File Paths": [
    "/media/mass_storage/josh/Documents/S4GratingOptimizer/S4/Y1_Film.json",
    "/media/mass_storage/josh/Documents/S4GratingOptimizer/S4/Y1_Grating.json",
    "/media/mass_storage/josh/Documents/S4GratingOptimizer/S4/Y1_Peak.json",
    "/media/mass_storage/josh/Documents/S4GratingOptimizer/S4/Y1_Period.json"
  ],
  "Gratings": [
    "P350",
    "P400",
    "P475",
    "P550"
  ],
  "P350": {
    "P350_TE Optimizer Results": [
      2.190208406386151,
      0.0001,
      0.6634397234031024,
      318.29280547301556,
      143.28923639643745,
      270.98432341796064
    ],
    "P350_TE Optimizer Errors": [
      6.0699422690827975e-06,
      6.0699422690827975e-06,
      6.0699422690827975e-06,
      6.0699422690827975e-06,
      6.0699422690827975e-06,
      6.0699422690827975e-06
    ],
    "P350_TE Iterations": 47,
    "P350_TE FoM Tolerance": 1e-07,
    "P350_TE Fano Fit Parameters": [
      "Peak",
      "Gamma",
      "q",
      "Amplitude",
      "Damping"
    ],
    "P350_TE Fano Fit": [
      595.4318395862274,
      8.11652109663861,
      0.28963690825872745,
      0.019241335356242097,
      13.7288600975409
    ],
    "P350_TE Fano Errors": [
      0.12060852836024206,
      0.25658035757212927,
      0.14504354090851618,
      0.0010508240183444415,
      0.7400154962755099
    ],
    "P350_TE S4 Fano Fit Parameters": [
      "Peak",
      "Gamma",
      "q",
      "Amplitude",
      "Damping"
    ],
    "P350_TE S4 Fano Fit": [
      597.1619138042423,
      6.468894370467768,
      -0.11776573999755999,
      0.15043171017047513,
      6.695020872531267
    ],
    "P350_TE S4 Fano Errors": [
      0.1871723148735223,
      0.3900153637399398,
      0.12077878616413641,
      0.005514718139005132,
      0.3140766531964399
    ],
    "P350_TE Figure Of Merit": 60.69942282941845,
    "P350_TE Fano Error": 55.36591270416664,
    "P350_TE Overlap Error": 5.333510125251814,
    "P350_TE Differences": [
      2.993156799839937,
      2.714673828792448,
      0.1659769178062363,
      0.01721091444389895,
      49.47489424328412
    ],
    "P350_TE Variables": {
      "S4 Strings": [
        "material_n",
        "material_k",
        "fill_factor",
        "period",
        "grating_thickness",
        "film_thickness"
      ],
      "S4 Guesses": [
        2.26,
        0.00011,
        0.6634397234031024,
        318.29280547301556,
        143.28923639643745,
        270.98432342796065
      ]
    },
    "P350_TE Constants": {
      "Reflection": "True",
      "S4 Strings": [
        "harmonics",
        "cover_n",
        "cover_k",
        "substrate_n",
        "substrate_k"
      ],
      "S4 Values": [
        21,
        1,
        0,
        1.4542,
        0
      ]
    },
    "P350_TE Wavelength Range": [
      544,
      675,
      1
    ],
    "P350_TM Optimizer Results": [
      2.2585184048897458,
      186.27584780180186,
      282.8308912003009
    ],
    "P350_TM Optimizer Errors": [
      2.5072217140897043e-07,
      4.435195974538262e-06,
      1.5174469556379477e-09
    ],
    "P350_TM Iterations": 39,
    "P350_TM FoM Tolerance": 1e-07,
    "P350_TM Fano Fit Parameters": [
      "Peak",
      "Gamma",
      "q",
      "Amplitude",
      "Damping"
    ],
    "P350_TM Fano Fit": [
      592.2394878145805,
      6.168699930666135,
      2.2399512506325645,
      0.05301101676072077,
      -0.0303252899756222
    ],
    "P350_TM Fano Errors": [
      0.08527218892108465,
      0.17644610982218595,
      0.06418046960489716,
      0.0010017820635454578,
      0.2846098212393588
    ],
    "P350_TM S4 Fano Fit Parameters": [
      "Peak",
      "Gamma",
      "q",
      "Amplitude",
      "Damping"
    ],
    "P350_TM S4 Fano Fit": [
      591.8854251571377,
      10.567674910705817,
      0.9532718942520858,
      0.17707527015893976,
      4.5952733563721075
    ],
    "P350_TM S4 Fano Errors": [
      0.12705003009307747,
      0.2744479824325657,
      0.04472911025248496,
      0.0030917207967430947,
      0.13351875825402
    ],
    "P350_TM Figure Of Merit": 50.76899100929829,
    "P350_TM Fano Error": 42.543439782611465,
    "P350_TM Overlap Error": 8.225551226686822,
    "P350_TM Differences": [
      0.12536036539545475,
      19.350980875015114,
      1.655543766135683,
      0.01539193897125749,
      21.396162837093954
    ],
    "P350_TM Variables": {
      "S4 Strings": [
        "material_n",
        "grating_thickness",
        "film_thickness"
      ],
      "S4 Guesses": [
        2.2585184048897458,
        186.27584780180186,
        282.83089121030093
      ]
    },
    "P350_TM Constants": {
      "Reflection": "True",
      "S4 Strings": [
        "harmonics",
        "cover_n",
        "cover_k",
        "substrate_n",
        "substrate_k",
        "material_k",
        "fill_factor",
        "period"
      ],
      "S4 Values": [
        21,
        1,
        0,
        1.4542,
        0,
        0.0001,
        0.6634397247680418,
        318.2928055441719
      ]
    },
    "P350_TM Wavelength Range": [
      542,
      681,
      1
    ]
  },
  "P400": {
    "P400_TE Optimizer Results": [
      2.093086718799241,
      0.019257846517686073,
      0.7248804818856853,
      378.86221802051125,
      258.5162118050065,
      358.2645547970898
    ],
    "P400_TE Optimizer Errors": [
      6.674466366089545e-06,
      6.674466366089545e-06,
      6.674466366089545e-06,
      6.674466366089545e-06,
      6.674466366089545e-06,
      6.674466366089545e-06
    ],
    "P400_TE Iterations": 52,
    "P400_TE FoM Tolerance": 1e-07,
    "P400_TE Fano Fit Parameters": [
      "Peak",
      "Gamma",
      "q",
      "Amplitude",
      "Damping"
    ],
    "P400_TE Fano Fit": [
      659.0569281441308,
      12.462636796409113,
      -2.308191387088682,
      0.037613129340266525,
      3.4304524345083065
    ],
    "P400_TE Fano Errors": [
      0.14915765450345966,
      0.31094502214892056,
      0.09282486016449013,
      0.0012860327394966634,
      0.390358468381568
    ],
    "P400_TE S4 Fano Fit Parameters": [
      "Peak",
      "Gamma",
      "q",
      "Amplitude",
      "Damping"
    ],
    "P400_TE S4 Fano Fit": [
      660.2839365413412,
      18.832564564422242,
      -0.4175080151318337,
      0.04654181753516928,
      7.951894809886037
    ],
    "P400_TE S4 Fano Errors": [
      0.6396305396043311,
      1.4239444064637308,
      0.18746109152939858,
      0.004536841469996366,
      0.7879500232783264
    ],
    "P400_TE Figure Of Merit": 66.7446681461888,
    "P400_TE Fano Error": 66.09973386485795,
    "P400_TE Overlap Error": 0.6449342813308464,
    "P400_TE Differences": [
      1.5055496068248289,
      40.57597976970472,
      3.574683612994117,
      7.972147288179586e-05,
      20.44344115386141
    ],
    "P400_TE Variables": {
      "S4 Strings": [
        "material_n",
        "material_k",
        "fill_factor",
        "period",
        "grating_thickness",
        "film_thickness"
      ],
      "S4 Guesses": [
        2.2,
        0.00022,
        0.7248804818856853,
        378.86221802051125,
        258.5162118050065,
        358.2645548070898
      ]
    },
    "P400_TE Constants": {
      "Reflection": "True",
      "S4 Strings": [
        "harmonics",
        "cover_n",
        "cover_k",
        "substrate_n",
        "substrate_k"
      ],
      "S4 Values": [
        21,
        1,
        0,
        1.4542,
        0
      ]
    },
    "P400_TE Wavelength Range": [
      576,
      740,
      1
    ],
    "P400_TM Optimizer Results": [
      2.137921365806849,
      180.9807970145659,
      251.3832005371925
    ],
    "P400_TM Optimizer Errors": [
      3.7916915116624115e-05,
      3.7916915116624115e-05,
      3.7916915116624115e-05
    ],
    "P400_TM Iterations": 25,
    "P400_TM FoM Tolerance": 1e-07,
    "P400_TM Fano Fit Parameters": [
      "Peak",
      "Gamma",
      "q",
      "Amplitude",
      "Damping"
    ],