{
  "File Name": "N5",
  "Sheet Resistance": [
    95,
    95.73,
    90.36,
    95.42,
    89.26
  ],
  "Film Thickness": [
    1.8e-07,
    2e-09
  ],
  "Epsilon Infinity": [
    4.9,
    0.05
  ],
  "Electron Mobility": [
    0.00045,
    5e-06
  ],
  "Resonant Wavelength": [
    545.24,
    581.33,
    613,
    640,
    684.54
  ],
  "Material Index": [
    2.02,
    1.99,
    1.949,
    1.94,
    1.91
  ],
  "Index Upper Bound": [
    1.95,
    1.96,
    1.9,
    1.92,
    1.85
  ],
  "Index Lower Bound": [
    2.1,
    2.1,
    2.01,
    2.04,
    1.97
  ],
  "Resonant Frequency THz": [
    549.8357750715281,
    515.7009925515628,
    489.05784339314846,
    468.425715625,
    437.94731936775065
  ],
  "Resonant Frequency Error": [
    10.08428902999648,
    8.87105417837653,
    7.978105112449405,
    7.319151806640625,
    6.397687781104839
  ],
  "Real Permittivity": [
    4.0804,
    3.9601,
    3.798601,
    3.7636,
    3.6481
  ],
  "Permittivity Range": [
    [
      4.41,
      3.8024999999999998
    ],
    [
      4.41,
      3.8415999999999997
    ],
    [
      4.040099999999999,
      3.61
    ],
    [
      4.1616,
      3.6864
    ],
    [
      3.8809,
      3.4225000000000003
    ]
  ]
}
