{
  "File Name": "R1",
  "Sheet Resistance": [
    273.64,
    300.11,
    338.65,
    318.08,
    321.5
  ],
  "Film Thickness": [
    2.25e-07,
    2e-09
  ],
  "Epsilon Infinity": [
    4.9,
    0.05
  ],
  "Electron Mobility": [
    0.00065,
    5e-06
  ],
  "Resonant Wavelength": [
    564,
    595,
    632,
    642,
    693,
    733
  ],
  "Material Index": [
    2.15,
    2.14,
    2.13,
    2.12,
    2.11,
    2.115
  ],
  "Index Upper Bound": [
    2.06,
    2.05,
    2.05,
    2.03,
    2,
    2.02
  ],
  "Index Lower Bound": [
    2.25,
    2.27,
    2.24,
    2.23,
    2.2,
    2.24
  ],
  "Resonant Frequency THz": [
    531.5469113475177,
    503.85287058823525,
    474.35515506329114,
    466.966445482866,
    432.6009494949494,
    408.9938035470668
  ],
  "Resonant Frequency Error": [
    9.424590626729039,
    8.46811547207118,
    7.505619542140681,
    7.27362064615056,
    6.242437943650063,
    5.579724468582085
  ],
  "Real Permittivity": [
    4.6225,
    4.5796,
    4.536899999999999,
    4.494400000000001,
    4.4521,
    4.473225000000001
  ],
  "Permittivity Range": [
    [
      5.0625,
      4.2436
    ],
    [
      5.1529,
      4.2025
    ],
    [
      5.017600000000001,
      4.2025
    ],
    [
      4.9729,
      4.120899999999999
    ],
    [
      4.840000000000001,
      4
    ],
    [
      5.017600000000001,
      4.0804
    ]
  ]
}
