{
  "File Name": "U2",
  "Sheet Resistance": [
    986,
    917.34,
    1019,
    889.7,
    994.38
  ],
  "Film Thickness": [
    1.5e-07,
    2e-09
  ],
  "Epsilon Infinity": [
    4.9,
    0.05
  ],
  "Electron Mobility": [
    0.0012,
    5e-06
  ],
  "Resonant Wavelength": [
    596,
    625,
    642,
    693,
    730
  ],
  "Material Index": [
    2.21,
    2.21,
    2.21,
    2.205,
    2.2
  ],
  "Index Lower Bound": [
    2.07,
    2.09,
    2.09,
    2.2,
    2.1
  ],
  "Index Upper Bound": [
    2.27,
    2.29,
    2.3,
    2.4,
    2.3
  ],
  "Resonant Frequency THz": [
    503.0074798657718,
    479.66793279999996,
    466.966445482866,
    432.6009494949494,
    410.6746
  ],
  "Resonant Frequency Error": [
    8.439722816539796,
    7.6746869248,
    7.27362064615056,
    6.242437943650063,
    5.625679452054795
  ],
  "Real Permittivity": [
    4.8841,
    4.8841,
    4.8841,
    4.862025,
    4.840000000000001
  ],
  "Permittivity Range": [
    [
      4.2848999999999995,
      5.1529
    ],
    [
      4.368099999999999,
      5.2441
    ],
    [
      4.368099999999999,
      5.289999999999999
    ],
    [
      4.840000000000001,
      5.76
    ],
    [
      4.41,
      5.289999999999999
    ]
  ]
}
